Dataset,Actual,Prediction
Train,34.0,33.494945151231036
Train,7.0,16.79884283961759
Train,12.57,12.989272030958197
Train,71.1943793911007,71.57316093881788
Train,13.9,12.03358142509293
Train,22.0,18.117136044857887
Train,9.72,11.237684242953446
Train,28.8,27.089323784993365
Train,4.323144104803493,6.814752190818035
Train,85.50295857988166,87.04500802751231
Train,15.904936014625228,15.169380134593505
Train,6.356876777002585,8.221318056999833
Train,19.0,20.944495934536878
Train,13.62,11.328781550114346
Train,34.52914798206278,36.948769729374575
Train,3.8377971640821027,4.105679649684726
Train,10.269576379974325,14.295797064799018
Train,61.0,60.5635025299125
Train,12.91,12.443141049231233
Train,7.7894736842105265,9.736657521776888
Train,2.2496838651981226,2.5306200641263055
Train,51.22,49.65230000000021
Train,16.823529411764707,18.79854056910847
Train,4.0,6.150191294817463
Train,43.7,43.81807837122831
Train,11.0,10.348067338224297
Train,27.042606516290725,30.589331905594673
Train,11.211573236889693,11.087400874472376
Train,20.871559633027523,20.959948225286695
Train,37.4,38.38313746099809
Train,24.686468646864686,33.62515506345578
Train,39.21568627450981,37.828145046492395
Train,20.97,20.316369348453712
Train,8.974358974358974,6.446268703217862
Train,39.6,40.769870250204015
Train,36.265664160401,34.795200348976536
Train,43.8,43.81807837122831
Train,8.5,8.194898834343654
Train,39.3,39.39320711773398
Train,12.0,12.798668169152311
Train,26.636029411764703,26.12168818095672
Train,35.0,42.57733683250919
Train,2.479338842975207,2.8565378435982556
Train,11.913357400722022,12.77364511482821
Train,24.63224951238671,33.844281666027925
Train,43.55,42.451379092040305
Train,37.5886524822695,37.04427150580322
Train,31.21428571428571,29.220151173341076
Train,29.64,29.699464696400234
Train,45.0,45.19143455012854
Train,50.14947683109118,47.714916921230866
Train,0.87,1.9763861413394213
Train,31.84480234260615,32.84154874843669
Train,14.492753623188406,15.70268952643789
Train,16.9,17.697020283930613
Train,25.369127516778523,25.376581132904946
Train,42.0,43.57012135667184
Train,33.3,35.09430714285694
Train,9.0,9.204963668122272
Train,31.227436823104696,24.348483570152606
Train,8.2,8.937851440677917
Train,15.009041591320072,16.154465231465494
Train,19.0,18.117136044857887
Train,18.77227722772277,18.181737286557578
Train,31.852861035422343,30.67985486133509
Train,26.57,27.00229662650582
Train,26.407563025210084,24.548903812633725
Train,8.43,8.839650375269423
Train,20.271241754863613,24.378727247662347
Train,59.50953678474115,60.05181253075812
Train,15.970961887477314,15.46443574162089
Train,51.5,46.63049031028426
Train,47.3568281938326,52.51280752394083
Train,63.06122448979592,58.83771894672726
Train,25.087719298245613,27.98284951473382
Train,28.694516971279374,27.51141883987823
Train,16.39676113360324,17.113578567670874
Train,14.0,10.938304346017883
Train,52.6,47.88315095780932
Train,38.80147058823529,40.369885455585056
Train,20.65,20.243255003740504
Train,34.04336516009848,31.31326320519527
Train,37.882797731569,35.44271475765952
Train,20.0,19.147382873953756
Train,31.228070175438596,31.734262667153377
Train,38.8,34.71548440480522
Train,15.07,15.855777344704862
Train,23.17,23.362718649244943
Train,29.37266158933213,29.22042907276358
Train,0.66,2.093590514131413
Train,6.0,7.9110109133286395
Train,16.397415185783522,18.03997055582605
Train,31.684038456778516,29.76770101745699
Train,41.73,44.56830692881
Train,19.58823529411765,21.2498897861647
Train,38.79941434846267,38.82865529521804
Train,63.3,64.93607216729997
Train,14.285714285714285,12.668264047275535
Train,2.0,3.9786778709337542
Train,24.126984126984127,23.82202032516709
Train,11.107692307692307,15.44171988004849
Train,23.25,23.968575740850234
Train,38.1,37.38481454545453
Train,5.054151624548737,5.183138541197145
Train,30.73,30.48393661650607
Train,17.73006134969325,17.21037291300411
Train,2.5,4.915152538820508
Train,19.18960244648318,20.564436846594887
Train,8.0,9.300922857142856
Train,4.8582995951417,9.461308445688559
Train,35.238095238095234,40.888137413540996
Train,30.64,29.760705898098827
Train,22.5,24.613928896050165
Train,26.31,26.5682255421686
Train,60.75,60.54222021798365
Train,29.827586206896555,30.432470167193543
Train,48.4,48.12475056179795
Train,22.65277777777778,21.64495844811458
Train,0.641025641025641,1.2164977636715908
Train,42.26691415232303,38.7794812849484
Train,15.24,15.477632364322915
Train,60.6,55.66256617205644
Train,5.768339768339768,7.356813024453062
Train,46.290726817042604,43.12989804828802
Train,19.529837251356238,18.37448400311948
Train,51.2853470437018,49.37295991449557
Train,17.5,17.33479999999999
Train,49.01907356948229,48.92502681654249
Train,26.364829396325458,28.121830620362037
Train,2.27,2.211906190476187
Train,40.0,41.24593429305913
Train,40.47,39.85166012552356
Train,22.0,22.863039072096072
Train,35.651537335285504,36.0037588579712
Train,22.299663756779374,23.063679056566734
Train,15.03,14.836467310506036
Train,13.618677042801556,13.944290604759026
Train,54.048140043763674,56.77569423192003
Train,2.7718550106609805,3.1175939008485294
Train,20.28985507246377,22.2374143442553
Train,13.832568189310965,16.08026292095564
Train,28.1,26.519890283273476
Train,13.33,11.29871315800854
Train,17.9,17.56079181994742
Train,23.961038961038962,25.14157630348218
Train,25.71428571428571,31.83277450669671
Train,6.0,6.978904757440359
Train,23.916666666666668,22.840105162767372
Train,23.02,23.2271533767279
Train,15.98,16.02042232902519
Train,35.28550512445095,35.18477096711433
Train,23.29,27.16403044104701
Train,51.0,59.79670862057274
Train,11.0,11.705818892639526
Train,32.6,29.234728439818937
Train,34.81927710843374,32.89798454816807
Train,18.07634730538922,18.444528098223895
Train,1.6528925619834711,2.6461087308567772
Train,46.138807429130004,40.95585249064489
Train,31.21,30.216773771501344
Train,24.142857142857142,25.363851934119282
Train,22.642215568862277,22.18356196618624
Train,21.32908977624813,21.54263736335564
Train,30.7,27.652714572175434
Train,38.4,37.49567142857137
Train,26.02,24.74725810196564
Train,18.52760736196319,17.236506255974888
Train,85.1063829787234,80.22276863631026
Train,46.08695652173913,47.65674488838199
Train,17.942857142857143,26.482083860242245
Train,16.58981947979882,17.528562172669762
Train,20.6,20.777332725017825
Train,15.130194327051925,15.669848788860051
Train,2.396039603960396,6.930980213097818
Train,34.8,34.403169944196925
Train,36.7,37.171302327393285
Train,6.5,7.503184497473879
Train,17.05426356589147,14.969194365839952
Train,4.28,5.262278513127186
Train,18.02,17.691263690476227
Train,30.0,27.577552477248624
Train,22.418136020151135,22.744924398573957
Train,57.84,53.328401589556684
Train,40.0,40.33238837184651
Train,40.52287581699346,39.13719907702831
Train,30.0,35.56762010659845
Train,10.505836575875486,13.35447769982735
Train,20.2,20.303439322996454
Train,54.3,52.678924795288026
Train,9.3,10.01974138686142
Train,30.9,33.088856252185494
Train,35.1,35.01843337111041
Train,78.0,77.26885
Train,25.0,26.04804531030274
Train,0.4,1.4256951020729103
Train,30.74,30.23669503478697
Train,18.2,17.477407967788526
Train,15.86,16.22612510872484
Train,95.20958083832335,94.62599141462414
Train,19.03,18.633720000000025
Train,18.76,18.25646198312009
Train,14.97584541062802,17.73139613682992
Train,11.7,10.677135163247552
Train,29.72,28.037337150492583
Train,67.93650793650794,56.63121409828768
Train,32.36173393124066,33.950269879365806
Train,21.02376599634369,18.67104126579907
Train,21.248065018753454,21.573782898869375
Train,19.73,21.704483740215316
Train,17.4,15.228777011564405
Train,4.6,6.238065233689521
Train,27.15,27.55444981626589
Train,42.512733446519526,43.50907966201872
Train,32.95880149812734,33.77622086495896
Train,25.92,27.81631135263168
Train,59.95316159250586,62.59806989032826
Train,9.02970297029703,10.99061032544955
Train,13.2,13.83241961015723
Train,28.502879078694818,27.799816159996066
Train,13.64,14.61654613040571
Train,39.0,38.51604528023122
Train,33.33333333333333,33.389825815761746
Train,27.8,28.475985033532222
Train,33.353846153846156,33.114402833754625
Train,26.7,28.073927835268346
Train,33.142857142857146,33.916106606692935
Train,15.0,16.395952615617368
Train,42.32209737827716,39.87992021532002
Train,33.7,31.54491845753446
Train,23.44,25.88406432445227
Train,45.35,45.41716733174696
Train,6.0,6.024772301172313
Train,38.0,35.39558376665176
Train,33.64285714285714,31.38327761471703
Train,2.19,3.121338298283243
Train,19.0,19.56602402034683
Train,37.0,43.33909815795356
Train,19.3,19.159650113556797
Train,15.869017632241814,17.018621254748716
Train,18.9,18.862862524699985
Train,31.137724550898202,29.215411369426487
Train,46.59147869674185,42.17614624797269
Train,23.298969072164947,24.266776596413482
Train,30.0,28.787498020858735
Train,40.553833775279415,41.3153441785497
Train,24.178217821782177,17.618331697197966
Train,17.055837563451778,18.376671806780166
Train,40.276381909547744,39.57666364213198
Train,32.460815047021946,33.85148262520422
Train,26.14035087719298,30.357113541417082
Train,21.353846153846156,23.888275100012333
Train,24.6,22.430753264500375
Train,13.454985808962352,14.806137149659873
Train,28.97,26.204529406567538
Train,2.561863173216885,3.9964672752813772
Train,25.899280575539567,25.69656762084193
Train,42.3,42.12650003607503
Train,24.0,22.128653637483332
Train,11.421319796954315,10.65809065816747
Train,44.49764150943396,43.06320860107824
Train,2.1782178217821784,7.128127475716387
Train,30.17799352750809,31.319310764025158
Train,41.2,42.12650003607503
Train,9.45,11.29871315800854
Train,21.78988326848249,20.63369821861438
Train,5.336633663366337,5.690039668991523
Train,50.5,50.254742624140015
Train,36.66720623005194,35.833177611087585
Train,30.303030303030305,31.078015259725774
Train,0.0,9.487982385841132
Train,37.48571428571429,34.92395830434273
Train,94.01197604790418,93.75521052366891
Train,72.38805970149254,61.30585359410688
Train,45.3,44.16295687279735
Train,15.0,12.29901179298095
Train,71.5,72.49369999999996
Train,35.4,35.60363373436909
Train,28.228571428571428,31.65278981394368
Train,4.35,5.374957254414219
Train,4.468085106382979,4.4693690238174275
Train,19.642857142857142,18.77866992775556
Train,34.32,28.702210603174493
Train,64.31718061674009,61.743924033545895
Train,54.74114441416894,53.06856571832301
Train,9.986013986013987,12.237623525773493
Train,17.23435225618632,24.835187170936184
Train,1.94,1.9154657453016481
Train,20.151515151515152,19.81747114929804
Train,17.58,18.742651512335044
Train,17.4,17.275274345941355
Train,61.833333333333336,59.98807070714581
Train,13.96050636543033,15.319032579169459
Train,33.0,33.971034215074695
Train,21.465346534653467,20.277708878601803
Train,18.0,18.085984359225538
Train,16.16,15.504042973379729
Train,9.671532846715328,11.74677882476031
Train,13.855421686746986,15.512286545782771
Train,49.0,47.48692643550779
Train,30.6,30.16646850982631
Train,36.82284040995608,36.6359346585929
Train,13.84,11.941295666666717
Train,31.16,32.586015968253975
Train,18.0,16.867454545454542
Train,0.0,0.7323832280390276
Train,17.84,17.915980000000058
Train,27.1,30.35176907101788
Train,4.02970297029703,6.33606278779722
Train,71.10570340252752,66.4125323154699
Train,37.13592233009709,34.767606087210844
Train,21.2,21.29140000000006
Train,35.8,35.463154620073816
Train,41.11267605633803,40.16413971490811
Train,6.4,6.535380000000046
Train,17.45,18.088499999999993
Train,0.0,3.5421449479806637
Train,2.0,5.067866075573002
Train,25.6,23.968575740850234
Train,38.1,38.68406873668387
Train,27.5,24.141576894464517
Train,16.5,17.53366591516372
Train,23.67758186397985,23.31331488144194
Train,37.453183520599254,38.4172813493679
Train,25.149700598802394,27.32443563393465
Train,34.58214730182074,34.338253211273816
Train,12.809315866084425,13.220174666041988
Train,39.67418546365914,39.95522766917295
Train,25.122180451127818,24.67494964627726
Train,16.50449101796407,17.016807595430475
Train,23.09,21.99068060211243
Train,24.98611111111111,22.153978738339166
Train,78.0,77.26885
Train,21.994535519125684,21.382113077551097
Train,40.0,36.60765301357654
Train,36.03,33.62914464368675
Train,48.05,47.89116032458182
Train,3.7906137184115525,4.342339619888079
Train,13.0,14.719466666666662
Train,9.174757281553399,13.131437188071661
Train,15.0,15.632032972411608
Train,5.557517214140403,8.126440307066735
Train,8.210526315789474,11.46192594052461
Train,23.0,26.942674293059124
Train,76.5,75.68760814290484
Train,21.904761904761905,22.02054488123787
Train,57.755102040816325,57.96024010205799
Train,69.16299559471365,63.84902257707422
Train,50.8,49.03751642194788
Train,36.265664160401,36.66779961895673
Train,36.3,37.509836916368215
Train,97.30458221024259,97.26287173091275
Train,93.19526627218936,92.1300141970688
Train,40.34285714285714,36.03129130185401
Train,19.29,18.167074884675632
Train,29.22852983988355,35.902009719500086
Train,25.248091603053435,25.430626129362935
Train,27.06,23.459830329507106
Train,29.357142857142858,27.6028768379081
Train,23.87924517288817,23.56905576492612
Train,19.0,19.903465385735082
Train,4.872881355932203,4.655373748401055
Train,31.8,32.028096201982855
Train,8.08,10.712062142857146
Train,33.0,30.563719164111514
Train,22.608933345803482,23.04018996972751
Train,33.25294669242198,31.591799009348424
Train,63.673469387755105,60.772927254052576
Train,36.74129353233831,37.42037368343985
Train,59.23705722070845,59.14237363803915
Train,5.274261603375527,4.807503798771909
Train,34.5,30.6642509720492
Train,22.439155417372387,22.710646985038334
Train,19.39,18.742651512335044
Train,39.0,36.55477094972067
Train,37.07865168539326,39.252866803514095
Train,47.1,45.443404589619604
Train,50.847457627118644,50.6416517777182
Train,19.35,19.19626505877898
Train,69.3,71.01385276595727
Train,19.760479041916167,21.097142033995876
Train,6.036878428941731,7.0744169557842955
Train,30.0,30.48327186649915
Train,36.769230769230774,35.945374250474934
Train,40.8,37.991515618466046
Train,32.7710843373494,31.409375909579754
Train,20.391061452513966,23.142312593312376
Train,19.305331179321485,20.206830923816707
Train,9.47,10.241533139499605
Train,9.046563192904655,9.106399515652658
Train,35.9,32.65052719447069
Train,16.46,17.05516570949615
Train,25.845698467278194,28.998106860499167
Train,5.536028119507908,14.470523227305463
Train,49.55156950672646,47.925234607777476
Train,54.087403598971726,51.02673823173115
Train,24.44,25.813257071036823
Train,31.7,31.557374034202343
Train,27.063106796116504,26.975586445396118
Train,44.35643564356435,43.573829018108995
Train,14.591439688715953,15.578182950801526
Train,72.5,71.89409305314801
Train,21.788990825688074,21.183906033110016
Train,14.0,14.577077433864975
Train,44.97175141242938,49.11547678301692
Train,17.459988586373047,16.026581111299397
Train,14.594594594594595,9.940869130354837
Train,41.74528301886792,40.94715827326713
Train,13.685239491691103,18.095133450091303
Train,27.099368783465415,27.733989051795557
Train,16.1,16.52176000000009
Train,61.224489795918366,57.17771284725334
Train,14.7,16.972290270909625
Train,41.94,43.25104578996801
Train,36.45962732919254,34.80606757489456
Train,3.4307836707763077,3.4185553479784585
Train,57.0,53.35907051025959
Train,18.12,20.221261823709906
Train,16.0,24.26739710200715
Train,26.77545691906005,26.095252620246576
Train,45.4,41.77324735368975
Train,45.30120481927711,40.369885455585056
Train,23.39,21.816767577630056
Train,21.712538226299692,22.28412017396581
Train,16.0,15.983148944239282
Train,11.26,12.927973036627959
Train,31.0,32.81028855923456
Train,21.21,21.65206188012411
Train,30.2,31.437851332331004
Train,3.7,5.164683111005969
Train,17.632241813602015,19.93358751826908
Train,19.879518072289155,21.56254032503263
Train,1.31,1.6193804973967696
Train,8.157370517928287,8.3430660504859
Train,54.0,48.81621590703342
Train,23.22,23.103969303283364
Train,18.89168765743073,20.443694987303093
Train,22.415841584158414,23.373349641569057
Train,57.95918367346939,58.14439849854451
Train,28.277227722772277,27.765413863156827
Train,25.99737532808399,26.42289558327699
Train,46.15,47.18451355358061
Train,15.0,18.117136044857887
Train,32.57686676427526,32.48529368718444
Train,31.801242236024844,32.08802661696793
Train,14.292828685258964,13.425223373362714
Train,31.72,32.829805265569874
Train,13.95,14.1770659090298
Train,1.4925373134328357,2.2741771935452926
Train,6.93,8.22227860547215
Train,41.17282276041812,41.91266313561476
Train,5.454545454545454,6.418399629979416
Train,25.535168195718654,23.435042893540118
Train,20.671834625322997,20.92628553002208
Train,31.269113149847094,30.19974877538783
Train,38.65300146412884,38.14371429582385
Train,30.0,29.884982491390478
Train,73.2,73.49300000000018
Train,10.384615384615385,13.605881385695469
Train,28.5,28.546789495297805
Train,37.3,38.95951497330584
Train,0.0,4.119648737101729
Train,23.6,25.705358223083103
Train,14.8,15.162752168992196
Train,33.130699088145896,31.179004155712875
Train,16.731517509727627,18.16582731491107
Train,40.3,39.1210979816035
Train,58.75706214689266,59.8884562070251
Train,19.5,19.86823143219755
Train,34.09,33.1552011387223
Train,3.7906137184115525,4.523838127960084
Train,21.20622568093385,20.586787704670744
Train,22.7151051625239,23.585892984420806
Train,17.5,16.846154373029503
Train,29.61876832844575,30.09556341167885
Train,34.5,36.36611675139853
Train,20.32,19.935787033380556
Train,28.0,28.034583659103344
Train,36.934673366834176,37.08742007818725
Train,15.52,15.366576334438266
Train,24.62311557788945,24.902607201602873
Train,41.7,42.12650003607503
Train,46.0,46.04992303341902
Train,24.0,20.80778207129961
Train,33.408071748878925,34.75485927727467
Train,40.7,41.08848000000021
Train,22.650602409638555,21.123725067307696
Train,34.62857142857143,32.998996781260814
Train,35.24,34.3948904256419
Train,74.2,74.22261963824309
Train,14.337568058076226,15.627853860221133
Train,27.0250574764934,28.756555995518063
Train,4.67814371257485,8.503305313549678
Train,40.732436472346784,40.67532795199938
Train,10.363901018922853,12.615682309020533
Train,19.879518072289155,19.036249885366725
Train,36.92789968652038,36.08909524746828
Train,9.93,9.803057649343481
Train,0.0,1.16675100837149
Train,18.343251880924598,18.337627698295442
Train,39.237668161434975,40.70558011385473
Train,10.0,10.735600120020875
Train,42.882205513784456,39.58266131470045
Train,14.9231060288733,16.085078515323396
Train,35.03,34.97887200509679
Train,56.77,52.44283093243
Train,38.68,37.118646958554436
Train,29.75352112676056,29.793436452689036
Train,2.0693069306930694,3.2239932162323384
Train,44.0,42.66537660377358
Train,20.926193921852388,23.23877888937125
Train,11.882998171846435,13.082124069881253
Train,14.785714285714285,16.763499132770917
Train,30.0,37.7876858961371
Train,12.6,14.507493818686003
Train,22.511887246670053,20.847755265963862
Train,57.3469387755102,57.36313045041806
Train,29.35,32.586015968253975
Train,46.09,48.22787115681239
Train,43.0,43.48678061943095
Train,72.0,72.91227112878416
Train,16.2,16.05581873507675
Train,29.959514170040485,30.432470167193543
Train,5.1063829787234045,5.414603526444477
Train,7.9,8.62660545351748
Train,46.0,44.68588
Train,71.0,72.43766536139216
Train,40.3,39.50675538253684
Train,15.271493212669682,13.565102809582733
Train,8.0,8.303336804074599
Train,42.7,42.12650003607503
Train,28.0,28.72628
Train,54.34782608695652,52.070943792304426
Train,54.1044776119403,52.69090947455294
Train,29.273399014778327,25.605832910945594
Train,16.147859922178988,16.546266100620883
Train,8.2,7.920952026343152
Train,20.13685239491691,21.805922058520757
Train,16.8,17.026675407383898
Train,36.42,39.29856587928434
Train,42.8,42.12650003607503
Train,16.96564885496183,19.004113497189245
Train,20.805194805194805,19.964770199638476
Train,78.92271662763466,79.00639400055523
Train,8.0,10.938304346017883
Train,0.5878002960036117,12.347801600281601
Train,6.567796610169491,8.085872258522558
Train,10.45,10.652792042684744
Train,2.211404728789986,2.995489223599278
Train,29.73856209150327,30.176060734108447
Train,9.8,9.976869711986295
Train,48.94601542416452,45.24025856071718
Train,20.51,19.381059668912624
Train,36.2,36.46016995579044
Train,15.8,15.599699033497933
Train,43.2,40.11324976160531
Train,16.2,16.21678333333329
Train,36.443661971830984,32.96851120486427
Train,21.058823529411764,21.06970682753372
Train,33.62397820163488,33.10764478901881
Train,3.389830508474576,3.8864988937639446
Train,29.9,29.827705931878597
Train,7.1,10.22672670492512
Train,26.92,26.972478997524952
Train,41.142020497803806,40.16898447260793
Train,0.9570659013265552,2.4545478724429364
Train,24.959612277867528,23.74055328509742
Train,64.0,62.71525273135852
Train,41.0,44.74625621812814
Train,4.4303797468354436,4.438157237263934
Train,23.0,24.93400148024017
Train,25.67365269461078,23.734080264008714
Train,21.10672855322434,18.354824734101506
Train,43.2,41.78760122641542
Train,25.7,28.263047466662947
Train,3.122155503118679,5.487930301300706
Train,66.88453159041394,66.1890715579314
Train,14.3,14.067182288179058
Train,55.93,58.230055289366554
Train,36.2,31.54491845753446
Train,10.4,10.679160687572564
Train,61.48796498905908,58.61393382250469
Train,62.57,63.357216857308735
Train,6.550218340611353,5.100190731615857
Train,32.61,32.29926125873276
Train,47.86806055462412,46.29778036270636
Train,42.10188679245283,43.06320860107824
Train,3.814713896457766,7.041379434082637
Train,24.07,28.702210603174493
Train,69.5,69.68118359462055
Train,12.25,13.524409678515942
Train,24.15,24.789796783166697
Train,31.52,32.436953292147955
Train,39.58,37.76042083978307
Train,15.8,15.9870800000001
Train,7.3,8.821524934794123
Train,36.14420062695925,35.76868212873521
Train,18.49298284059624,19.68605185243586
Train,32.96928327645051,34.3675579246644
Train,44.2,43.81807837122831
Train,24.34285714285714,27.532769383536426
Train,1.091703056768559,2.200582012100951
Train,17.82178217821782,16.20034806749966
Train,8.0,8.291735719844358
Train,44.08163265306123,49.67906488634877
Train,19.57142857142857,18.864058577018042
Train,14.79,16.385730597812103
Train,16.96,17.100479767349665
Train,20.843091334894616,17.149548093404583
Train,31.06272851741632,30.60379754557722
Train,34.06148867313916,33.30290536272835
Train,24.6,25.50019324031716
Train,27.17409292345915,26.375890648441
Train,31.4,29.23668856435421
Train,47.6,46.79964748106839
Train,48.0,47.425337724728756
Train,49.44,49.588393153319366
Train,14.92,15.398242229347499
Train,41.83,42.34952693939396
Train,33.03,32.19855050994668
Train,51.203501094091905,52.768589104831044
Train,99.99999999999999,98.38416553145167
Train,36.47,35.174664414165846
Train,37.80534351145038,34.64479987352149
Train,47.53363228699551,45.641907610463505
Train,1.2396694214876034,1.8684454640114558
Train,22.0,19.501091805827237
Train,19.642857142857142,19.532697509376547
Train,35.046547414695254,33.306229121494916
Train,20.155038759689923,20.902342041978287
Train,34.69879518072289,34.601085053050355
Train,30.0,30.56066077895691
Train,28.281425345168167,23.690021032888634
Train,26.14457831325301,26.149999201312312
Train,41.251221896383186,38.389788747650165
Train,14.0,14.985759642928333
Train,4.795366795366795,9.940869130354837
Train,72.0,69.24390365419939
Train,0.0,1.4414527647001696
Train,19.277108433734938,18.9028770749119
Train,25.948275862068964,26.73086611075525
Train,91.91374663072776,92.71406871970068
Train,17.16,21.548689406567576
Train,8.832335329341317,9.908451738086487
Train,17.98,14.949203394270263
Train,53.10734463276836,52.92842242308594
Train,90.82840236686391,91.42030486381826
Train,58.61230852458147,56.92860183582804
Train,27.348045610088846,27.248772428915615
Train,18.7,19.372084265656376
Train,38.54,41.77324735368975
Train,45.6,42.08139247645934
Train,30.797101449275363,26.348749623883588
Train,17.926646706586826,19.528668097748845
Train,26.0,22.389898577096496
Train,36.5,40.27098863121719
Train,30.626702997275206,30.971420339337328
Train,5.220338983050848,8.563412334610849
Train,38.8,38.38873470041025
Train,41.0,39.53640773940452
Train,3.7,4.957199716927776
Train,8.33,17.748280544389683
Train,30.51,30.82273393306088
Train,44.2,43.53473365065527
Train,34.627831715210355,29.599018440534575
Train,35.294117647058826,35.945374250474934
Train,36.01756954612006,36.06438629812193
Train,33.304221251819506,32.69322917059218
Train,35.8,37.993406094864795
Train,20.12,20.161363943662014
Train,20.58,19.64253999999998
Train,11.810193321616872,13.366131909469283
Train,11.99203187250996,11.522954296672513
Train,49.42779291553134,49.15206601610825
Train,41.0,38.21031293203775
Train,20.43010752688172,22.66943109871589
Train,35.43191800878478,35.69212782117598
Train,19.7,21.7342840406585
Train,21.3035903650962,20.56951560041573
Train,29.617283441385737,29.933937345287713
Train,23.5678391959799,22.889898118131228
Train,34.26,34.59200694368323
Train,13.2,13.677822250364615
Train,85.70030466370919,68.28293205874006
Train,21.05263157894737,24.59939956860947
Train,4.4252686500798815,7.896822114892988
Train,12.0,12.302012523867491
Train,29.15641476274165,31.54491845753446
Train,19.879518072289155,19.39783888580973
Train,31.92012779460341,32.00231960300117
Train,28.04630969609262,27.3907678957813
Train,0.0,3.5752186439920908
Train,18.78,18.305819999999997
Train,4.044358715909419,4.763048382393662
Train,29.014829140563098,35.232915342074506
Train,21.238532110091743,21.138035305973606
Train,24.59,26.88396574826151
Train,18.59947643979058,21.095151533146726
Train,27.38,27.070638416523014
Train,34.51,32.97724312621176
Train,49.17,49.4349375799391
Train,55.3,51.57636536362718
Train,5.47112462006079,6.912782147553431
Train,25.3,21.588074038729157
Train,100.0,96.2467267876944
Train,24.76,24.366269925948465
Train,9.6,8.899799999999988
Train,9.9,8.941542349033464
Train,14.0,13.673156449061617
Train,26.456692913385826,26.37837764299986
Train,34.26,34.442467340346404
Train,48.0,46.624526502574376
Train,12.177985948477751,12.793351128263605
Train,39.8,38.74078197066652
Train,42.28,41.77169411369299
Train,41.2,40.79959018497797
Train,38.0,37.94050451259053
Train,35.8,37.742799999999775
Train,20.05,20.542085469495703
Train,34.3,36.47901064868413
Train,0.1161324351385652,3.6905171181994314
Train,39.11262798634812,38.879042180858555
Train,11.0,10.94335442403711
Train,21.896383186705766,22.760958121203636
Train,16.317365269461078,15.27754849702844
Train,8.158415841584159,11.445026497853458
Train,30.288721998135195,31.86225625242514
Train,6.437125748502994,8.207931821091114
Train,34.53007518796992,30.76582287748346
Train,28.0,26.923942746867823
Train,36.08450704225352,36.5470961986746
Train,28.17,31.999258198412655
Train,4.148471615720524,3.9451713964508532
Train,47.2,45.42707557081934
Train,61.0,55.64322818450792
Train,26.25,26.341331832290344
Train,95.00711882166287,82.86261824774456
Train,30.94,30.753385124710107
Train,29.03,29.144614997462607
Train,59.68571428571473,56.047155361617364
Train,44.0,44.53850322412742
Train,30.87298331393743,29.013950877022772
Train,23.8,23.01095323437622
Train,12.727272727272727,14.537374391285894
Train,18.179611650485437,16.95794679020824
Train,23.652694610778443,23.802405219763305
Train,13.951114673731716,15.989243872735512
Train,33.84,32.71070126648934
Train,52.29759299781182,53.91497309430799
Train,68.44106463878327,67.79556963821797
Train,11.5,11.927314208224104
Train,21.17,21.657639879100802
Train,20.320512820512818,20.185049229626152
Train,36.3,36.2792749701345
Train,42.71,42.34952693939396
Train,43.45,41.62477834723126
Train,25.9,25.81849711074377
Train,33.5,31.543253277062387
Train,16.13,17.357371846798447
Train,54.79,56.699637081737166
Train,3.6254980079681274,5.310599074031398
Train,28.0,26.965723970749153
Train,20.265734265734267,19.67025926125799
Train,11.552346570397113,12.291320825104929
Train,29.0,32.000048864486224
Train,17.0,16.80095192298073
Train,19.49,21.01626833636052
Train,21.647819063004846,21.55145645143067
Train,28.057553956834532,23.563764643105575
Train,19.0,18.97632768598877
Train,29.696969696969695,31.535870600776406
Train,33.3,34.39540593917448
Train,21.839333397677187,21.675922720723435
Train,47.200579216354356,52.13565477202827
Train,22.299999999999997,23.86857988667078
Train,6.5,7.303846508064847
Train,40.37593984962406,39.64453214484191
Train,25.05050505050505,28.1013010935131
Train,15.34,15.468101566463071
Train,2.3404255319148937,3.2027062115905705
Train,18.74,19.81096413511899
Train,5.2,5.7166329949554395
Train,30.2,30.69637909599709
Train,30.495049504950494,29.622851323706136
Train,46.57933042212518,45.99597213535304
Train,27.8,28.543607543161414
Train,29.282576866764277,30.64023845759763
Train,8.13,10.390093721610382
Train,9.4,14.424004375190297
Train,23.88235294117647,23.82202032516709
Train,28.51,24.652269141942664
Train,25.916030534351144,24.785507668316065
Train,16.8,19.04978135265948
Train,15.762376237623762,16.815164679792076
Train,33.137829912023456,31.630542538128132
Train,56.89,57.269122764512815
Train,34.55384615384615,34.33727597922251
Train,22.16624685138539,22.092428824658196
Train,31.9,28.832675990507347
Train,15.736040609137055,15.28004665160219
Train,29.316154093940856,28.48889697457391
Train,39.64285714285714,37.57116489034535
Train,31.64,32.28788831382132
Train,3.0,5.996100464121152
Train,19.724025974025974,19.888974590715463
Train,5.4,7.7057578170921115
Train,44.987146529562985,46.05021927037679
Train,15.0,18.652882688688777
Train,20.90672123581027,19.38628463289376
Train,4.6,18.546107461693886
Train,22.27,23.530039331410325
Train,8.3,10.471934218460746
Train,20.995145631067963,22.946582030031134
Train,23.289634180965006,22.75728464350119
Train,22.76,24.74725810196564
Train,23.4375,23.170128647744345
Train,29.814271749755623,29.79947842103118
Train,26.430769230769233,28.05664051242636
Train,15.78,16.351070658463378
Train,27.66990291262136,27.65524768483101
Train,28.3,28.43597466986337
Train,31.59,30.032299073061985
Train,40.97744360902256,40.94793596162368
Train,13.0,12.826201625424552
Train,31.804281345565748,32.240886062290066
Train,18.68020304568528,18.752747114210333
Train,29.94143484626647,31.05002981749981
Train,32.33333333333333,33.361194562300106
Train,11.854103343465045,12.465315880966852
Train,19.57055608378882,20.440270730826622
Train,25.867269984917044,27.010393233889687
Train,44.37927663734115,39.30997206496573
Train,42.0,39.70815905273199
Train,42.69230769230769,38.197002978294336
Train,38.6,34.87008990803856
Train,7.291059013495828,8.175100890132976
Train,27.93,27.62116816935088
Train,3.9855072463768115,10.877212026131534
Train,48.06539509536785,47.78688674102392
Train,67.3,63.290350643875215
Train,37.68,35.60021092507176
Train,42.95,39.29856587928434
Train,31.54,30.410388418291905
Train,37.70131771595901,36.79106023809533
Train,15.100000000000001,15.605367987535216
Train,45.6,46.34683212203627
Train,30.60344827586207,27.967984881727247
Train,33.48623853211009,29.596742900264225
Train,43.8,42.92461096174516
Train,27.1,27.577419012735675
Train,12.752475247524753,13.242128239582094
Train,38.1,41.351537903308845
Train,28.59760513907749,27.131006799476136
Train,19.0,18.014850521208302
Train,27.54285714285714,31.595665174108937
Train,64.1,61.92057660377325
Train,3.2490974729241877,3.910373887781683
Train,29.209370424597367,30.330585953962714
Train,12.4,12.918934623352941
Train,3.586497890295359,3.4431299411872565
Train,0.641025641025641,2.2549442509289697
Train,5.12372634643377,6.117292416114493
Train,15.0920245398773,14.963597793696719
Train,34.0,32.53711468820813
Train,55.0,55.537652129620454
Train,13.0,13.839816320512384
Train,6.72,7.657057186672805
Train,18.446601941747574,18.43814875383965
Train,40.823970037453186,40.4206416562308
Train,18.2,18.08561863173212
Train,0.0,1.753285668411326
Train,16.515426497277677,14.950454587464186
Train,17.5,17.33479999999999
Train,42.28,42.34952693939396
Train,37.0,35.358121929447925
Train,8.296812749003983,9.392890337396631
Train,35.89123867069486,33.653396758571446
Train,11.6,10.819735087040891
Train,44.0,47.44266386940292
Train,31.0,31.221963017637382
Train,24.7,27.801869188540763
Train,17.92,18.212023943662007
Train,34.626647144948755,34.80236215985857
Train,17.790811339198438,20.505732453757858
Train,27.211267605633804,26.80724296097993
Train,44.78066037735849,43.67074922739058
Train,24.295112781954884,24.38919726765925
Train,23.700305810397555,23.075184851066055
Train,0.40816326530612246,2.06772341308833
Train,18.2,18.08561863173212
Train,44.0,42.88423660377358
Train,18.84,18.87508000000007
Train,23.700305810397555,23.66344867263022
Train,40.04716981132076,39.833742811321045
Train,19.19332406119611,17.200882631657986
Train,5.35,5.262278513127186
Train,9.0,10.675870295072155
Train,27.1,27.089323784993365
Train,67.39999999999999,68.91575209125523
Train,38.06603773584906,39.24729694339644
Train,13.71359223300971,17.37325610109119
Train,26.73,24.56658619630592
Train,52.152588555858316,52.32475810935835
Train,41.28440366972477,38.20266167271141
Train,23.540419161676645,24.030683886531612
Train,14.204545454545455,15.964247671499068
Train,12.63803680981595,12.948590297617123
Train,32.2,28.162188598155865
Train,39.7,39.8887611584329
Train,35.16290726817043,36.65022193492777
Train,6.2,6.522471245908313
Train,9.7,14.605549709641702
Train,3.9711191335740077,4.710141603112324
Train,14.02,17.796366031452855
Train,2.1782178217821784,4.634081008277052
Train,18.115942028985508,16.801535554527913
Train,43.7,48.78871584068685
Train,39.29618768328446,36.46121667656169
Train,40.19,40.35735596773654
Train,18.1,17.795318735613925
Train,44.813406927724756,46.51756039318384
Train,12.26,12.70305258526479
Train,58.1,54.22674593957976
Train,6.183368869936034,4.42836478252447
Train,0.6437768240343348,1.2161718672590605
Train,0.0,2.1235599550431656
Train,25.633802816901408,26.251052142280283
Train,71.1864406779661,67.83294759355609
Train,29.3,31.54491845753446
Train,12.09,13.29039578921886
Train,22.428571428571427,21.88305933521347
Train,27.659574468085108,28.835604307482274
Train,27.191601049868765,27.230797909135863
Train,35.87115666178624,34.423560111795204
Train,23.78,22.30833703786491
Train,39.8355754857997,41.26186528717529
Train,57.29847494553377,57.29174053188902
Train,0.0,3.7185633984058977
Train,1.29,5.501399479390152
Train,25.0,27.53071041628805
Train,38.05,39.87276072501286
Train,3.0,5.430390682987768
Train,27.4,28.381052045160658
Train,15.245478036175712,16.819499610415683
Train,14.32,14.313820428571415
Train,27.382875605815833,25.183395011010226
Train,21.43,21.067417854978576
Train,31.372863998621515,28.48889697457391
Train,4.846625766871165,6.120037748930565
Train,46.51428571428572,42.06335390591276
Train,11.49,11.240477390475434
Train,20.37,19.634673907392987
Train,46.5,46.161526470505834
Train,15.693430656934307,16.031909595208237
Train,53.106267029972756,52.92842242308594
Train,22.421875,22.995140057511385
Train,29.44862155388471,30.816799940134842
Train,30.72,29.5045910788409
Train,34.61,33.52804963846977
Train,24.16,23.968575740850234
Train,18.983050847457626,23.12975467882466
Train,48.0,46.305119999999995
Train,28.285714285714285,28.23272183711013
Train,33.70786516853933,36.040360951993065
Train,9.966101694915254,10.200419329306907
Train,19.96039603960396,19.845948793585514
Train,33.373493975903614,32.2281900957554
Train,27.454067774413616,23.783447273701455
Train,17.4,17.109699743063285
Train,12.1,17.38222353682856
Train,29.17686462565787,28.679281902767666
Train,37.4,36.28698890658742
Train,20.23,20.243255003740504
Train,13.473053892215567,13.45104605156752
Train,79.08745247148289,83.09212941650837
Train,57.95918367346939,56.51479911390752
Train,54.11,50.00837386270479
Train,14.54,14.313820428571415
Train,14.7,13.488794555265782
Train,31.2,31.801052577446015
Train,28.848857644991213,27.089323784993365
Train,37.8,37.701812675141994
Train,14.8,14.90834657696003
Train,4.4303797468354436,4.184175605677537
Train,35.58052434456929,34.77694577199367
Train,2.3578363384188625,5.63430759458083
Train,30.37,29.263409237676697
Train,14.74,15.765079999999896
Train,48.0,47.425337724728756
Train,7.45269286754003,7.88082880637102
Train,72.60981912144703,71.97028466261901
Train,0.0,4.324577110633434
Train,17.4,17.260942012253473
Train,18.639798488664987,17.96645644429136
Train,8.6,9.796285276601642
Train,33.84,33.778211114904465
Train,31.0,30.53758012502911
Train,7.134909596662031,11.612799080268205
Train,36.06516290726817,32.171417007968984
Train,2.345415778251599,3.1374008039102055
Train,22.1,27.206611609580442
Train,17.0,16.58495211968299
Train,28.92,26.88396574826151
Train,32.9,33.649164269505356
Train,41.5,37.94050451259053
Train,29.69,29.212630166151566
Train,6.861386138613861,6.948674399280056
Train,35.5,31.005198238866328
Train,27.251908396946565,27.10225454332583
Train,27.57,28.702210603174493
Train,16.817359855334537,12.782862185943436
Train,53.06122448979592,55.196976817417344
Train,17.39,17.231790909090982
Train,44.5,40.945564694445196
Train,46.9,47.53578654406333
Train,39.00497512437811,38.604693771897175
Train,7.942238267148015,6.449915633408041
Train,38.76,42.18750335368946
Train,15.846153846153847,20.81387892102638
Train,27.0,25.689559982837043
Train,24.63768115942029,21.609304285774314
Train,38.6,35.35393122814085
Train,36.2,35.84439629053718
Train,13.3,15.353942117577828
Train,9.7,9.971543467759131
Train,24.0,23.82511710475376
Train,24.0,23.82202032516709
Train,14.14,15.552235392415211
Train,36.2,40.02968899297447
Train,39.0,37.59128800781038
Train,7.860262008733624,9.374339547797154
Train,33.25301204819277,34.035331757975925
Train,12.13,12.462150141779432
Train,12.61,14.331283932843268
Train,12.1,11.29387794830556
Train,1.0,2.92144832248288
Train,37.7,40.945564694445196
Train,46.29,46.85196635753157
Train,75.0,72.49369999999996
Train,96.5349978619092,84.05852900301453
Train,48.666666666666664,49.578484420729794
Train,19.782214156079856,17.667948969108586
Train,36.52482269503546,35.945374250474934
Train,59.91,52.81973368684457
Train,32.64736813528241,30.672942013563095
Train,30.14059753954306,25.557279578802433
Train,48.88283378746594,48.56747564046501
Train,38.04185351270553,38.66681476804852
Train,27.185020046243764,28.48889697457391
Train,28.57142857142857,25.884563452132294
Train,22.385141739980448,22.725674337840044
Train,30.952380952380953,32.470568992857785
Train,15.369532428355958,19.299474514832944
Train,26.46766169154229,26.42008353874912
Train,38.0,35.20359339127464
Train,23.254189944134076,21.817486574338034
Train,21.0,19.74333811665386
Train,51.880108991825615,52.386275228939134
Train,19.6,19.285967850769513
Train,17.048827711939733,17.398068908241477
Train,3.8297872340425534,4.325436255819261
Train,5.0,8.125801703065678
Train,21.482035928143713,21.003914775148683
Train,31.47605083088954,30.08252796515678
Train,39.94177583697234,30.481410726207773
Train,20.075414781297134,21.971548079206933
Train,5.56,2.8408129397468533
Train,18.2,18.08561863173212
Train,14.67,16.063320833137798
Train,40.225352112676056,40.10831519146549
Train,26.03448275862069,25.294096616295644
Train,30.56,30.390040417444325
Train,30.60836501901141,31.99772982620079
Train,29.447852760736197,25.466846230016493
Train,35.6,31.936370739543854
Train,31.923076923076923,33.686701569996885
Train,42.45283018867924,41.60326556603758
Train,12.0,11.335003820058072
Train,25.0,24.402260371902216
Train,18.82591093117409,18.877291862254424
Train,25.588235294117645,23.896695878551945
Train,54.4,52.643181575451095
Train,24.31192660550459,23.904427265902196
Train,34.0,34.97943290170031
Train,52.2,45.245727349505714
Train,10.68,10.241533139499605
Train,22.282608695652176,19.800936163204792
Train,23.333333333333332,23.706035417976707
Train,37.9,33.122520553480555
Train,19.796215429403205,20.445914918619714
Train,35.95505617977528,35.3786985402418
Train,22.575976845151953,22.827215864468695
Train,9.43,15.36635195380619
Train,50.9,49.590511985019006
Train,34.16930348138441,32.524607523212595
Train,10.02183406113537,10.053761608586305
Train,0.5865645690052469,5.3251147978064655
Train,4.0966386554621845,6.573190164693877
Train,7.38,10.923782118027066
Train,40.5,40.344333828304684
Train,20.4,21.258777530368583
Train,33.6241610738255,35.128035220972926
Train,10.4,9.908544999999988
Train,33.47,31.316058926363485
Train,34.9,32.336485252108076
Train,42.13098729227762,39.8723567792438
Train,39.84575835475578,42.72079030352542
Train,14.385474860335195,16.731056121966297
Train,33.859649122807014,37.4190244842876
Train,38.17042606516291,38.07820890007811
Train,42.42424242424242,38.496815978247405
Train,93.71257485029939,94.04389250554419
Train,17.028985507246375,17.627239265790696
Train,27.54,25.88406432445227
Train,24.77,23.358071433506968
Train,61.22004357298475,60.09666536237464
Train,17.0,18.67548806901085
Train,65.89,64.86299151670923
Train,5.8,7.240123687293335
Train,26.260783466355026,26.712227396151004
Train,36.56641604010025,36.830027103959104
Train,20.4,19.91235999999991
Train,12.714285714285715,14.243695922367523
Train,46.0,44.974239999999995
Train,16.727941176470587,16.041948166572826
Train,27.9,28.049926717493467
Train,51.0,48.941805996289716
Train,18.0,20.156850521208305
Train,19.358974358974358,19.52897579090454
Train,46.81222707423581,36.80309859203951
Train,34.0,30.767774816735837
Train,46.6,45.1019102121562
Train,26.3,26.741653280362595
Train,60.0,52.90000319236205
Train,2.5,4.083336040328279
Train,22.56830601092896,24.703566542654542
Train,31.161971830985912,30.401192509027265
Train,20.95275440854834,20.1536869729942
Train,22.434210526315788,23.408996319730377
Train,9.77,10.342754333333371
Train,30.824891461649784,28.527383064538103
Train,27.55,27.289885576686007
Train,83.7,78.25175814988289
Train,73.0,73.22224638783271
Train,1.4937420026112476,8.75034377634999
Train,14.177606177606178,13.156219371429057
Train,6.3,9.371617304761829
Train,47.21,48.84408937446982
Train,3.1645569620253164,3.9199346293508586
Train,17.91,17.691263690476227
Train,48.2,44.85084103303644
Train,14.396887159533074,16.379308585934478
Train,17.198335644937586,17.789242133664917
Train,9.8,9.058506720946342
Train,20.3,21.94576309260834
Train,15.75875486381323,16.58898913894208
Train,32.21,30.465558313252703
Train,28.13,27.571617449069404
Train,16.0,16.11248994391756
Train,25.51,25.159880133013967
Train,22.356495468277945,23.81034912834422
Train,14.0,14.426992527188204
Train,31.75803402646503,31.557374034202343
Train,27.508090614886733,27.373234158782797
Train,26.347305389221553,27.521435144584437
Train,12.92,10.712062142857146
Train,30.8,30.398425301204608
Train,39.17,37.04246867945713
Train,22.670025188916878,24.697378894186595
Train,99.0,90.1661996705444
Train,4.0,6.361991723789082
Train,19.951534733441033,20.624068786852284
Train,24.34285714285714,28.334654925508147
Train,41.9,41.86230492667976
Train,50.666666666666664,50.89169983063901
Train,63.18082788671024,61.39588843084914
Train,54.7,49.53081963824322
Train,44.56928838951311,42.77513982388293
Train,45.199999999999996,46.93572476143784
Train,52.0,52.037241204347
Train,29.4,30.714137474514388
Train,5.8,6.305780000000034
Train,46.0,45.56659655242898
Train,68.38407494145198,68.26792934329443
Train,21.6,17.347941722830004
Train,20.428571428571427,20.786349604955472
Train,5.684210526315789,7.37920576727761
Train,18.11926605504587,19.06389192626176
Train,7.3,8.537925829588954
Train,16.147859922178988,16.12303031272627
Train,34.9,32.511311327690514
Train,19.71,21.43616121131269
Train,78.2442748091603,72.65113173559243
Train,24.76923076923077,25.01908687496358
Train,27.57,25.813257071036823
Train,26.55,25.88406432445227
Train,13.7,15.333938960270642
Train,43.3,42.684774415584165
Train,22.05,22.984957349397497
Train,63.1,58.999052129620296
Train,23.0,20.86447026766819
Train,25.301204819277107,28.59590192093118
Train,21.45,22.033360181724824
Train,10.335917312661499,11.881818300298383
Train,29.58,30.48393661650607
Train,9.425742574257425,9.507330830338214
Train,14.653361344537815,14.877426979133928
Train,78.52631578947368,73.46295177681885
Train,39.019033674963396,38.593612870146515
Train,21.764705882352942,21.975691978739235
Train,10.335917312661499,10.60970767042133
Train,29.5,30.84733454661147
Train,2.9850746268656714,3.319201140051836
Train,35.07462686567164,43.66057664557727
Train,13.345521023765997,14.69773510002956
Train,29.014829140563098,22.995620946462964
Train,29.0,30.82340137983958
Train,3.429602888086643,4.511788568068304
Train,22.1,24.622608367558275
Train,17.883211678832115,16.877718583001748
Train,28.5,27.656246586730514
Train,15.81,17.74081178753853
Train,65.0,55.37906205555811
Train,19.35755649742666,19.575838699661258
Train,1.17,2.211906190476187
Train,17.898832684824903,17.433392056290923
Train,40.0,38.07361190331603
Train,4.3,4.951518692628666
Train,20.205882352941178,20.211013975321748
Train,22.0,20.632845586699005
Train,10.5,10.433358081710749
Train,39.0,38.5726
Train,15.17509727626459,14.599743177449364
Train,24.94,24.741858681748177
Train,26.24113475177305,27.665470515951128
Train,1.6326530612244898,2.412441631208648
Train,25.12218963831867,26.75229154012862
Train,53.2425068119891,53.15738969516332
Train,38.2048766530057,35.846758103103056
Train,34.0,35.8836070749924
Train,17.774687065368568,17.530490705450173
Train,14.99119174580687,15.925319612512807
Train,10.03,11.941295666666717
Train,55.3,53.42990919093082
Train,43.8,43.14189545995925
Train,11.0,9.300922857142856
Train,48.201634877384194,47.999413579411105
Train,95.80838323353292,94.81366143885727
Train,43.502131049737656,42.94099156239921
Train,2.7121001390820587,3.3741962078296064
Train,15.1,14.953936264162374
Train,26.987951807228917,28.33200696688574
Train,0.0,0.651679382483039
Train,41.85351270553064,39.976368402431994
Train,22.803030303030305,21.431083560097967
Train,28.4,27.849938815703272
Train,27.0,26.73525998806121
Train,21.330275229357795,24.992488646217936
Train,4.0,5.3799777630829135
Train,6.718346253229974,10.338832429288717
Train,19.63562753036437,19.378198061757132
Train,18.714285714285715,18.46848241203091
Train,10.772277227722773,11.762000463039254
Train,1.053857373101394,2.3177041796108973
Train,24.42565375183789,22.433381361695027
Train,18.963831867057674,22.38487315780469
Train,32.741541788099404,28.48889697457391
Train,32.43076923076923,32.715486086267994
Train,70.02188183807439,66.29121144789062
Train,6.3,6.831397915047784
Train,27.692307692307693,31.280038978847895
Train,40.47,39.830889761731406
Train,11.479591836734695,11.838737512424178
Train,5.319148936170213,5.0766386957305
Train,31.169154228855724,31.262689047356627
Train,19.743589743589745,19.75292717057311
Train,42.55,42.34952693939396
Train,7.45269286754003,9.221816169146466
Train,60.32697547683924,60.99365716408673
Train,11.764705882352942,12.699645404083313
Train,15.2,14.875197752566592
Train,23.0,20.475636649398382
Train,38.88,38.11078896203518
Train,32.71356783919598,31.55468466961642
Train,21.145209580838323,19.59405267048278
Train,42.324,42.28846508217862
Train,54.0,49.536151270553056
Train,2.3469387755102042,3.1557539732054685
Train,6.062874251497006,7.582295926757746
Train,48.68913857677903,45.60467155519596
Train,10.84,12.324858628542692
Train,40.4,38.76112179826492
Train,9.70873786407767,11.591585606114656
Train,94.31137724550898,94.16846324301736
Train,14.104882459312838,14.82927156883916
Train,31.4,32.630825591175366
Train,28.34,27.158197436854273
Train,18.67469879518072,18.50728907387365
Train,24.123711340206185,24.489664313156542
Train,23.851417399804497,23.887098173304867
Train,27.74436090225564,27.236046958287375
Train,12.0,13.407665604093243
Train,32.0,33.87648242887341
Train,22.5,26.54308798667723
Train,48.23,48.31632885062164
Train,25.15463917525773,25.134339815679873
Train,10.15780913445977,11.634185842427176
Train,33.32,32.89246433333326
Train,43.0,41.84598
Train,24.22575976845152,25.53757384602862
Train,2.7,1.4414527647001696
Train,3.205128205128205,3.6939602607194035
Train,29.0,27.846088418549666
Train,63.15,64.53618000000023
Train,27.133236416487904,25.788597717907113
Train,35.7,38.02922413246741
Train,16.54510556621881,18.45559315240512
Train,36.114285714285714,32.476390108897114
Train,35.0,39.88310188679246
Train,6.0,6.497151055139198
Train,12.915726077228603,15.977574340068958
Train,2.899251418825357,3.870840621645708
Train,47.19101123595506,44.30647551015269
Train,30.0,31.032056323720063
Train,33.91819024094737,34.005221452769526
Train,17.03,17.079736425120768
Train,1.39,1.6193804973967696
Train,17.7,17.34164315420023
Train,50.35377358490566,48.818628158811016
Train,22.714285714285715,23.478700413239785
Train,37.16901408450704,36.87872007641882
Train,29.24,28.67519999999982
Train,36.1,34.578917392186874
Train,18.58,17.31103176188654
Train,33.4,31.651029178384142
Train,39.7,39.905182127260446
Train,8.367389317770996,8.726593297484655
Train,29.3,27.089323784993365
Train,17.34,19.036743177496206
Train,5.7,4.915152538820508
Train,46.0,45.92087707812782
Train,29.5,31.54491845753446
Train,26.873385012919897,29.215115800595324
Train,31.683168316831683,30.96913915606324
Train,25.512422360248447,27.75362029064446
Train,13.768382352941176,15.670841575706584
Train,14.32,15.858793334031539
Train,20.83969465648855,20.870111246119595
Train,1.6643550624133148,5.032715142759574
Train,40.07518796992481,40.243761186633954
Train,13.345737723702145,13.784645639812904
Train,71.5,72.45490304511792
Train,60.07604562737642,62.111348037679505
Train,25.490196078431374,27.932964597584043
Train,29.82,30.470191601564718
Train,30.699911210472088,30.275800177405927
Train,1.41,2.1332925720386124
Train,5.4,7.86308446371233
Train,28.324940374787055,25.635580742158233
Train,32.6241134751773,32.56825195259736
Train,42.67563527653214,41.77126246968083
Train,20.2,23.00210703532031
Train,25.352166943391975,28.48889697457391
Train,6.0790273556231,8.587829549991378
Train,17.79,18.08360000000002
Train,27.3,28.2440007783906
Train,4.160887656033287,6.700659042343487
Train,0.8,1.4414527647001696
Train,29.473684210526315,27.85502875047803
Train,6.4,6.628928063127159
Train,18.82,19.597838485691693
Train,36.64,34.869035899165596
Train,20.845808383233532,18.600280184839146
Train,53.65566037735849,52.05528995036841
Train,34.3,34.644747725945436
Train,0.97,4.997302402825794
Train,41.935483870967744,42.78491231818155
Train,17.635467980295566,17.426883839508235
Train,40.750853242320815,40.034817405033365
Train,28.42,25.618150263545193
Train,60.735694822888284,61.01232348667484
Train,13.453536754507628,13.840297900674065
Train,32.255639097744364,34.5865802634216
Train,13.138686131386862,15.198845234349484
Train,32.5,34.67196448666248
Train,19.770642201834864,20.410932572382567
Train,30.4,26.810751840992477
Train,19.23,18.211507507224177
Train,70.28,67.4946399999997
Train,22.217268427989872,21.526510199637137
Train,23.2,22.854441090355518
Train,25.5,24.919110210687624
Train,31.288343558282207,33.22719180895185
Train,41.5,43.29594955310105
Train,15.66265060240964,16.93071106500081
Train,94.83282674772036,93.86875065379901
Train,10.59322033898305,10.729468313331692
Train,30.62,30.498422644040545
Train,15.568862275449101,14.441057130023323
Train,26.77227722772277,24.40160448771366
Train,9.71,11.328781550114346
Train,40.0,37.4163094187366
Train,22.66,23.968575740850234
Train,17.02970297029703,17.826614625365796
Train,3.429602888086643,4.0339756170755985
Train,31.253132832080198,31.718866666666663
Train,19.879518072289155,19.33436919292699
Train,21.830985915492956,25.60962015187968
Train,17.823529411764707,19.166135162883553
Train,83.80000000000001,77.8706261344871
Train,18.3,19.32417190689044
Train,19.874125874125873,19.49951800251676
Train,16.9,17.482383167721697
Train,11.943793911007026,13.64790381999583
Train,0.32,2.8408129397468533
Train,38.0,34.48546281832597
Train,35.2059925093633,37.292530473456104
Train,41.616915422885576,40.30491471553331
Train,33.220338983050844,33.10764478901881
Train,45.91,42.18750335368946
Train,20.8,27.089323784993365
Train,18.191933240611963,17.673653580506773
Train,42.0,39.47267323523963
Train,22.6890756302521,21.006260088809775
Train,26.098191214470283,28.411368547932852
Train,8.0,9.025909614425137
Train,29.727420921075232,29.234358256464777
Train,44.8,42.613773905996965
Train,7.0,8.251045540508192
Train,9.491525423728813,9.433973963394486
Train,30.5,37.29990276314595
Train,39.399447940401544,36.98045807049715
Train,29.8,29.001037879357106
Train,18.62348178137652,18.726971013477414
Train,7.48,9.194101119072982
Train,55.39,52.49559222988396
Train,5.3061224489795915,4.532643746653935
Train,21.7,22.208703216857277
Train,71.86440677966101,65.5983099926649
Train,31.61094224924012,29.547203258465753
Train,58.69209809264306,58.97043024150084
Train,44.285714285714285,41.787640875675436
Train,31.26,30.71470945466843
Train,41.1,38.90537274783073
Train,48.5,48.833123386002235
Train,15.370705244122966,15.133500390284377
Train,46.6,43.05143043837769
Train,13.348946135831383,20.608555603156127
Train,25.004599924330588,24.535107439413636
Train,39.274924471299094,35.82313293189478
Train,64.0,68.88581589535582
Train,51.90348525469169,51.0133519019757
Train,21.764705882352942,23.422641310756838
Train,28.55421686746988,29.30801494412774
Train,28.38509316770186,29.837985575560886
Train,54.3,50.75084258592869
Train,39.97493734335839,40.426314683895626
Train,38.9,39.221179999999926
Train,19.0,18.78671587705757
Train,27.468230694037143,28.364126573844825
Train,28.25024437927664,28.515652268496076
Train,34.4,41.26892021756016
Train,49.400291493005945,45.46032071089567
Train,25.05854800936768,28.844059861256497
Train,27.408450704225352,26.961800944548575
Train,25.31,24.74725810196564
Train,49.94285714285714,42.95088431010174
Train,22.416452442159382,28.48535253623442
Train,11.0,12.025238292213908
Train,6.0,11.042122381883141
Train,27.33,27.19310853726568
Train,45.45070422535211,43.325441168432526
Train,35.1,35.52758640554907
Train,23.67,23.68461049163457
Train,15.445544554455445,15.344215563161436
Train,11.8,13.366131909469283
Train,33.6,35.870937243659704
Train,43.0,43.14669999999999
Train,1.2638580931263856,4.119245116020924
Train,31.230769230769234,31.208720880034175
Train,41.228070175438596,37.773022754617365
Train,16.27,15.102040000000112
Train,71.48288973384031,72.4310162572683
Train,30.805369127516776,30.337540196006053
Train,25.973154362416107,25.70402206089808
Train,31.444141689373296,29.98778532726565
Train,2.8316831683168315,5.044338270314186
Train,15.92,16.285748219844383
Train,42.49,42.34952693939396
Train,35.029940119760475,32.736071485055966
Train,50.11,49.44628452830218
Train,38.2,35.89926211451186
Train,25.0,25.140972462457995
Train,21.74897119341564,21.29147329896126
Train,25.5,32.636345010859266
Train,10.054844606946983,11.917135676517912
Train,30.16,31.999258198412655
Train,9.49,9.799733317746643
Train,18.06,17.988420000000062
Train,27.34,28.335649018280876
Train,19.95475113122172,19.271903037356353
Train,19.782214156079856,18.509924819522322
Train,9.432314410480348,10.349051142606099
Train,44.18546365914787,43.11564431440587
Train,19.24,19.104559999999903
Train,16.4,16.385730597812103
Train,4.993065187239944,7.276104697815111
Train,22.765363128491618,21.594311749434183
Train,8.0,7.657633659328271
Train,64.0,62.65194156099064
Train,14.028776978417266,15.589431245246148
Train,45.51,46.698555138034884
Train,41.19850187265918,41.08403276255758
Train,28.8,27.457023618495313
Train,32.225705329153605,33.62224915621462
Train,33.78,38.07453690031787
Train,28.401206636500753,29.500064849512068
Train,26.71,28.92629912572676
Train,9.8,10.274941438323296
Train,32.796486090775986,33.53981090548778
Train,23.481781376518217,24.326492489869164
Train,12.1580547112462,12.930396040130926
Train,18.122171945701357,17.253002393753917
Train,23.012048192771083,23.50711834210084
Train,31.88,29.91740073748374
Train,25.62,23.68461049163457
Train,32.51,31.456855535902246
Train,29.67,29.148332080730537
Train,35.0,36.2197815890941
Train,61.60947082885537,56.781441298712025
Train,40.48843187660668,42.649077686458156
Train,4.02970297029703,5.097628145860386
Train,32.58426966292135,33.995803225836745
Train,34.919472913616396,34.99120356058964
Train,58.806404657933044,53.30986802346804
Train,53.05343511450382,60.45369329433677
Train,19.96,19.896744999999942
Train,5.054151624548737,4.5884471335811945
Train,12.297177522696634,11.131291349771125
Train,20.74074074074074,20.522085348432064
Train,14.848046309696093,16.919055818796988
Train,19.0,21.365916563439505
Train,16.908212560386474,18.10041470780791
Train,35.15355086372361,32.53773388172166
Train,3.1293463143254523,4.758045535315794
Train,43.95,44.74451690031793
Train,27.38,25.70295986438973
Train,88.75739644970415,90.16120846159453
Train,28.114285714285714,29.529628211909817
Train,38.53,32.586015968253975
Train,45.0,46.06891822362644
Train,16.563786008230455,16.232171257774095
Train,93.5309973045822,94.11032862815124
Train,38.0,36.39088523209154
Train,24.4155433948579,28.48889697457391
Train,27.2,27.883190480549917
Train,15.68,17.100479767349665
Train,41.92825112107624,41.21777380466607
Train,6.9,6.518483111006002
Train,38.0,36.84016823435567
Train,3.801980198019802,5.353226566161569
Train,29.33,31.077723671546593
Train,33.504950495049506,32.52568691327686
Train,44.0,47.08954283733349
Train,42.491467576791806,45.924675012769406
Train,37.368421052631575,35.230321647063604
Train,49.52830188679245,48.81340637313479
Train,51.52224824355972,60.7254603108327
Train,35.6,35.08789573195383
Train,17.3,21.294770647751598
Train,32.798165137614674,33.375487385833054
Train,38.0,42.51051487388377
Train,24.996723612703704,24.706184343853035
Train,14.8,15.015548624832117
Train,30.0,31.86431234509879
Train,26.13861386138614,24.505123155776516
Train,22.38,23.027535803465085
Train,70.5,66.40254122617993
Train,0.11644832605531297,7.474640784897438
Train,11.99903527274269,13.508102061644786
Train,33.0,32.849433313445786
Train,4.465346534653466,6.101036415906196
Train,8.460471567267684,9.646375939297707
Train,13.33,14.139524694905584
Train,32.60456273764259,32.91261317647573
Train,34.3,29.86664009470338
Train,14.071856287425149,13.541915324619312
Train,9.86,10.44749826260848
Train,7.2,8.037229722924373
Train,37.39,31.999258198412655
Train,0.998021629563958,7.337927385520714
Train,26.2,27.65726625054663
Train,22.2,23.988395227421158
Train,19.5,18.193252774189286
Train,64.3,65.50774664036791
Train,27.33,27.197896930998052
Train,41.0,43.38198647654557
Train,61.166666666666664,58.78648780658904
Train,13.718411552346572,15.000423567528323
Test,33.52855051244509,35.60589905741333
Test,19.653092006033184,31.00886303383344
Test,21.3,41.96739225629501
Test,24.01388888888889,21.73203249195958
Test,25.0,21.961318057132267
Test,41.288433382137626,37.338573332634795
Test,2.3037656105632367,2.7917333410376375
Test,32.0,27.713472389014907
Test,22.835195530726256,19.548656641350455
Test,5.0,6.038973474277193
Test,6.459948320413436,14.958348462237526
Test,17.0,26.143948071156924
Test,4.950199203187251,8.661809976478802
Test,28.44311377245509,29.27836899111955
Test,39.774436090225564,39.733637407999765
Test,19.0,19.97312
Test,28.458783244545405,29.255626693130026
Test,41.7,42.54553790330891
Test,19.7,20.886560998376634
Test,43.8,35.2511323585893
Test,24.8,28.426667746560263
Test,46.35,47.060282338247234
Test,15.214285714285714,17.95242638567104
Test,38.0,34.12735244945387
Test,47.813867120954015,34.7960254189033
Test,55.0,46.08883471308672
Test,70.5,71.44970613018393
Test,0.97,5.334923304180111
Test,29.704968944099377,32.63802699878551
Test,23.524752475247524,22.077348357956424
Test,40.52287581699346,37.57292323608566
Test,41.2,45.49174118882005
Test,48.04,52.78710668962946
Test,12.142857142857142,8.219206752369992
Test,31.7,24.155536409421476
Test,17.8,22.20720805449658
Test,37.0,35.48441797210505
Test,13.809934067915359,16.021870502844198
Test,17.02857142857143,30.28659801686256
Test,22.12,24.402260371902216
Test,38.554216867469876,38.32602844446696
Test,12.6,16.071973942063604
Test,12.37065637065637,9.940869130354839
Test,9.28,20.06592094814477
Test,77.19999999999999,75.07686145090797
Test,44.24,62.1888439450708
Test,25.27,29.272941053655277
Test,8.82,16.835476574965384
Test,42.3,46.365598276514454
Test,20.0,19.20462495129987
Test,33.52628920815355,33.40347623062059
Test,28.39,23.968575740850234
Test,44.69,45.98555071993429
Test,10.702702702702704,12.349681494932314
Test,12.633663366336634,9.454489705880633
Test,54.0,48.48852643247291
Test,17.934782608695652,18.965259282800858
Test,11.7,14.402046666666664
Test,13.0,15.758304497881687
Test,4.100386100386101,12.349681494932314
Test,28.06,31.519814254885375
Test,41.1,48.293183335563434
Test,17.8,16.364004770178873
Test,50.53763440860215,38.62330360559807
Test,1.965065502183406,4.234152586986017
Test,29.5,30.510802793647564
Test,28.61801242236025,30.502698650257532
Test,2.3504273504273505,4.097479837729071
Test,4.701627486437613,11.948250215294744
Test,20.27,18.156733693482863
Test,27.963446475195823,26.563255771595813
Test,70.21118721461197,56.26360901832659
Test,3.601694915254237,4.028440287890802
Test,0.10204081632653061,1.9940244113349428
Test,28.99,29.117072127333714
Test,40.9,46.41531464907816
Test,34.10526315789474,31.926903300208433
Test,3.9077669902912624,13.07248534082936
Test,21.51,23.66666580788859
Test,3.431561529753145,14.1115229700345
Test,61.42857142857143,58.99511543786005
Test,41.70403587443946,42.86719954199434
Test,56.82678311499272,46.629745834260945
Test,31.989100817438693,29.630462303942203
Test,36.9,36.8724672779963
Test,8.42756128949248,6.303633738321586
Test,2.107728337236534,11.019633503420005
Test,36.36363636363636,36.853506921928954
Test,17.19,17.46429432871286
Test,45.0,47.68793772472874
Test,28.6,26.794959023838395
Test,27.7,23.987543112810407
Test,16.0,17.02223601577028
Test,50.37,41.02969460043722
Test,14.67,12.427856225125895
Test,13.0,18.556520000000003
Test,4.8,7.449305287032487
Test,15.56420233463035,17.681648997938687
Test,16.81,16.832551468531552
Test,3.0,7.615094576616836
Test,31.0,27.19571423137526
Test,48.06539509536785,47.70269770319066
Test,20.705128205128204,21.08833237231178
Test,11.0,20.67284907527774
Test,38.37,31.809208621828052
Test,8.783269961977187,17.349383996357027
Test,67.47,64.71832169491513
Test,5.9,7.245402605649928
Test,20.9,25.500635794678338
Test,19.69,23.787304984491612
Test,27.0,30.444176344293535
Test,36.06516290726817,28.773303866006074
Test,55.0,53.27730337941805
Test,34.4,37.70024001293206
Test,26.0,30.245467734021943
Test,38.0,39.582914932040694
Test,22.19,32.264847570392654
Test,20.0,19.406305498690386
Test,57.7,46.260105289218515
Test,31.9,35.11421785429589
Test,1.65,2.1332925720386124
Test,26.46370023419204,24.07772015037641
Test,27.3,23.624600351014955
Test,44.8,44.43688245435965
Test,15.22,14.404812882259677
Test,17.8,27.08932378499337
Test,14.0,15.274237198037694
Test,5.6,6.99178380661608
Test,32.95964125560538,39.71461687950928
Test,44.18546365914787,38.97220241066142
Test,26.45631067961165,24.753192903860125
Test,16.2,13.921933627908164
Test,37.0,39.83553967900306
Test,35.3,32.017431371208076
Test,54.08163265306123,60.85814126936693
Test,30.887978142076502,31.383277614717027
Test,7.346938775510205,6.019082372600261
Test,18.07920792079208,11.090727424935771
Test,29.5,24.170079874551103
Test,23.507462686567166,25.217055520957754
Test,31.1,26.85435646361218
Test,27.82,31.98036412124127
Test,19.887005649717516,22.19208460240645
Test,54.0,48.787874947696345
Test,26.93208430913349,33.73345133756329
Test,27.13,27.37227326878898
Test,38.7719298245614,36.6892637220682
Test,93.61702127659574,93.75521052366891
Test,54.332425068119896,53.38618486543892
Test,2.9,14.975096268572253
Test,13.9,15.814482878368924
Test,51.87089403027708,56.80588045587923
Test,34.50704225352112,30.102363604029627
Test,15.7,15.969131484821746
Test,13.5,22.532551634424422
Test,26.0,26.970087996343903
Test,3.4,5.52041262044986
Test,11.211573236889693,20.165805535588706
Test,21.55688622754491,21.90761693704134
Test,25.87178875638842,15.737399498899972
Test,27.396682719080157,20.217583131668885
Test,20.3,19.160367112301785
Test,46.324000000000005,43.22766584321663
Test,63.1,67.98867057145917
Test,20.192307692307693,20.992285871196362
Test,27.813688212927758,30.192257354873515
Test,13.663737282618424,16.0349323447785
Test,17.3,17.90657598311251
Test,7.057613168724281,15.035741217801768
Test,45.3,37.32463267514206
Test,16.342412451361866,16.54708842811394
Test,16.395173453996982,31.333252829162447
Test,26.86,29.28778246394012
Test,28.464419475655433,39.40411281011192
Test,49.4,43.848261073721
Test,63.0,72.10070260703311
Test,29.9,22.75728464350119
Test,34.333821376281115,34.229320446414505
Test,31.57492354740061,29.557552154974744
Test,17.702095808383234,16.556840101268914
Test,28.52760736196319,21.07424400076251
Test,15.07,26.749296355338714
Test,4.378378378378378,13.156219371429057
Test,18.57798165137615,21.06371981113204
Test,21.92556634304207,25.013921122231665
Test,12.110266159695817,17.767551099859112
Test,15.83,18.25317240647071
Test,76.1,74.13095968338746
Test,16.724137931034484,17.5284213426727
Test,18.7012987012987,30.764613021543045
Test,9.342301943198803,34.39374489943053
Test,17.798594847775178,25.86273380550961
Test,11.728061620234518,10.463490938606908
Test,18.0,22.389898577096496
Test,39.0,44.26529056682662
Test,35.6,33.29758345261262
Test,29.24,24.977949964225562
Test,55.652173913043484,50.366830312180966
Test,25.94,28.847934346996773
Test,23.97,25.187351760996286
Test,11.840490797546012,16.336081895524956
Test,19.03,15.837191883451213
Test,40.25,32.32658325208585
Test,37.40849194729136,36.29513220507154
Test,33.19875776397515,33.49733109876616
Test,54.24528301886792,50.801813964149275
Test,29.014829140563098,66.63026176885596
Test,33.85,56.46895706695829
Test,43.57924528301887,42.83360109164429
Test,31.13,30.677249447684893
Test,4.752475247524752,7.496970387167019
Test,62.04081632653062,59.49428032005754
Test,11.814671814671815,12.349681494932314
Test,64.74,64.16056881355905
Test,32.421875,22.9474471953329
Test,37.254901960784316,36.14774453169899
Test,40.0749063670412,43.29480408879753
Test,9.948979591836736,11.299146613618404
Test,56.5,53.35907051025959
Test,73.0,75.75673781406407
Test,9.8,18.117136044857887
Test,21.233766233766236,26.00645249864357
Test,25.09,27.50057462984573
Test,34.51863354037267,34.00039837981652
Test,29.35,30.48393661650607
Test,7.6,11.791843737367396
Test,24.87,22.478747187800693
Test,31.4,26.508229380558486
Test,9.118086696562033,32.67074363043368
Test,39.39393939393939,30.13193452801049
Test,25.92841995027407,19.546404651919442
Test,16.440413571703598,20.172321891002568
Test,23.98,23.523318130119932
Test,7.878486055776892,7.97875269266992
Test,39.8355754857997,43.30720946451106
Test,23.241590214067276,24.426483440175158
Test,46.0,33.541296275563624
Test,40.22525202813936,56.92860183582805
Test,18.4,17.017869021115054
Test,19.96197718631179,26.601600645380685
Test,50.61662198391421,51.696840407224705
Test,33.04007820136852,29.259873324755862
Test,27.607361963190186,20.12897639825201
Test,36.53726708074534,36.39847369363155
Test,17.5,15.985037057275935
Test,34.8,38.002846334083706
Test,13.92,14.067182288179058
Test,46.47,41.11420500142585
Test,40.25,32.80576047818433
Test,23.409090909090907,21.039739234177354
Test,28.0,30.27484149358507
Test,12.5,10.348067338224297
Test,18.6,13.609835780620173
Test,26.43,25.16127925205513
Test,4.8,6.766933028759421
Test,82.9,76.99882613448703
Test,19.0,16.686752607364582
Test,3.8626609442060085,3.35140667932837
Test,21.818862275449103,23.085995152780498
Test,23.4,27.749809067365955
Test,6.0,14.123544071995346
Test,30.543633071908854,26.969045521598876
Test,50.8,47.53578654406333
Test,45.5,47.00536372594452
Test,5.04,12.261483132553126
Test,27.041581316321977,28.488896974573905
Test,43.0,38.35202275191165
Test,37.93,35.51845398375893
Test,16.33,17.4979060182992
Test,41.51470588235294,40.36988545558506
Test,12.555744581729261,17.466191653958617
Test,43.96,41.831680320675346
Test,23.251318101933215,23.422409005405164
Test,39.0,36.96663778210888
Test,7.0,6.855150428369188
Test,8.0,19.536435156637527
Test,10.14,10.377125850896455
Test,3.1,10.966434059693132
Test,19.0,22.65679205785576
Test,42.6,38.39558999133216
Test,94.83282674772036,80.11375977224408
Test,7.4,10.83369501460149
Test,22.06703910614525,17.715686085456632
Test,8.7,10.257111078763279
Test,6.055312954876274,5.305390362979551
Test,11.876136145169562,16.073795219529103
Test,15.72,16.385730597812103
Test,53.08370044052863,62.59330744181787
Test,10.667330677290837,8.555084073949155
Test,47.02290076335878,32.54315647438432
Test,15.72,17.100479767349665
Test,31.71428571428571,28.563343007337792
Test,11.0,18.23085716272601
Test,27.437185929648244,26.101640950480892
Test,24.1,28.074310679565155
Test,22.2,25.85112495806397
Test,25.352539316712104,28.547506020487308
Test,16.175298804780876,9.867321504666334
Test,19.83240223463687,21.977209566745028
Test,100.0,95.63396080003464
Test,41.7,36.09953160682534
Test,4.048582995951417,17.735334364937035
Test,12.857142857142858,7.356813024453064
Test,28.494764397905758,21.153179853933302
Test,10.9,9.154984648077752
Test,47.099999999999994,46.77551028158174
Test,13.173652694610777,14.068399737276362
Test,35.95505617977528,36.734088972865436
Test,11.6,15.612277913382702
Test,38.6,36.4014740952354
Test,23.741007194244606,23.57857241985722
Test,47.84,47.7458551009555
Test,25.2,20.190757815572013
Test,41.569965870307165,40.034817405033365
Test,8.860759493670885,11.292522248645598
Test,2.0,6.32002630744822
Test,10.344827586206897,18.78348689224304
Test,16.06,16.026662229347433
Test,21.081830790568652,17.78924213366492
Test,12.24,12.872717034545934
Test,19.8,18.27512559345249
Test,11.98,20.278125023870757
Test,7.603960396039604,10.045478502293694
Test,94.01197604790418,93.74205038929041
Test,37.89237668161435,38.36328241485621
Test,19.0,11.675568055175779
Test,29.368932038834952,24.903696087031967
Test,19.18881118881119,18.008123359866826
Test,28.57142857142857,54.165014187187175
Test,59.4,51.79682847327342
Test,19.0,17.068206783109673
Test,22.83,23.684610491634572
Test,100.0,95.97879645149659
Test,17.92857142857143,21.200067332768818
Test,35.033557046979865,35.00145704102145
Test,15.0,31.638955870423832
Test,23.592493297587133,51.180748178055396
Test,8.98109243697479,9.106399515652658
Test,33.1,30.536072473289224
Test,58.983050847457626,60.513985253044844
Test,22.289156626506024,18.57760963345347
Test,32.6,24.046624834635963
Test,23.25,19.634673907392987
Test,25.981873111782477,24.483636984257853
Test,14.46,20.792953136478715
Test,6.986899563318777,13.529301606894926
Test,26.142857142857142,26.87472383244358
Test,27.0,27.48401509433963
Test,60.40816326530612,57.26901896403006
Test,14.0,4.915152538820508
Test,39.53,47.96458386940315
Test,2.4489795918367347,4.160001838454948
Test,34.630872483221474,37.66509956993809
Test,43.96039603960396,42.67830595678634
Test,20.7,23.00210703532031
Test,18.94736842105263,15.033377633579281
Test,27.0,28.685802077922077
Test,2.5485436893203883,13.07248534082936
Test,15.24,15.636320757525487
Test,61.2,67.56405093321622
Test,20.141846579660005,21.637092581423246
Test,12.076271186440678,10.66184461138959
Test,16.62,17.678080000000012
Test,17.97979797979798,21.166213563598745
Test,54.285714285714285,52.42468172534402
Test,5.563098277843824,7.759416425897009
Test,18.736842105263158,24.939435155713085
Test,32.79,33.18557408307322
Test,18.25,23.082543428926535
Test,8.52017937219731,22.99616558034837
Test,1.6516699130292956,10.177658652248812
Test,28.078393881453152,24.096328408397415
Test,56.8259385665529,45.93491494224773
Test,19.0,16.432635257190597
Test,37.24340175953079,31.20022760982039
Test,26.21782178217822,28.236295339344647
Test,56.041131105398456,49.70415464385857
Test,46.56,46.99508717494294
Test,40.3,36.74688081274012
Test,5.97,10.898544473960728
Test,35.9,38.47582878397433
Test,27.85678688301725,29.694756810626828
Test,18.571428571428573,57.03136502203818
Test,30.2,10.262003450469244
Test,62.0,48.35022937622406
Test,28.6,7.952200018276732
Test,35.6,33.32924929029854
Test,5.740099689458276,8.812180224811279
Test,51.6,37.43638722527068
Test,17.351816443594647,24.096328408397415
Test,17.23926380368098,15.93759803891299
Test,10.8,9.755325985707742
Test,32.60456273764259,32.05087696435294
Test,18.1,17.312805543757445
Test,40.0,43.41147489992596
Test,29.014829140563098,21.824986401477325
Test,66.3,68.59095209125516
Test,41.7,37.464068473402456
Test,3.6,15.333938960270642
Test,11.194029850746269,26.398593827088355
Test,31.43,26.68484563172722
Test,18.862275449101794,13.657647455259031
Test,20.6,25.871899570697185
Test,42.55,36.98691446327756
Test,30.06968728723506,21.974024835747205
Test,12.53012048192771,15.753377827841629
Test,39.76,41.02969460043722
Test,28.74,25.938125066024043
Test,21.914008321775313,18.028030161464063
Test,19.27877947295423,23.435042893540114
Test,13.69,10.825306498718662
Test,16.233766233766232,17.806792491352304
Test,26.772247360482655,31.15760987692355
Test,2.3,4.357318692628656
Test,21.243781094527364,22.639099022258243
Test,5.714285714285714,3.357090168857442
Test,10.6,8.995497321603121
Test,27.710843373493972,19.472519164544654
Test,91.42011834319527,92.47575391404197
Test,16.57,6.831397915047784
Test,30.67349926793558,34.08160969127513
Test,5.36480686695279,3.3147592749048536
Test,24.842931937172775,21.218552656878504
Test,22.0,23.5932380849656
Test,28.57142857142857,25.524023020928915
Test,32.81,32.15588202934323
Test,33.333333333333336,39.73406790857123
Test,24.237623762376238,26.342276830106677
Test,28.756521991732647,25.84837212933017
Test,11.586843724059898,14.07705007868946
Test,21.1,22.42645602509549
Test,88.46153846153847,88.34150504808301
Test,68.0,72.25325260703312
Test,20.53,21.171612553726003
Test,32.82,30.808147414449984
Test,16.475247524752476,18.631172238905496
Test,23.366336633663366,42.67830595678634
Test,15.22248243559719,14.251677790319107
Test,33.1,29.522931079517196
Test,17.6,24.045843260562005
Test,20.039100684261975,23.739462752241504
Test,11.3,15.891835881866978
Test,33.45864661654135,35.70096293020085
Test,19.0,19.98216776800515
Test,73.34801762114537,56.97505560940303
Test,38.30275229357798,37.64946791261371
Test,22.71,23.103969303283364
Test,18.15,19.977704238038502
Test,26.171875,22.720372054348946
Test,10.43301613403831,10.120095212401518
Test,32.94289897510981,34.67381653284915
Test,3.71900826446281,2.091363436115792
Test,4.325714629044159,3.5681078897893674
Test,42.35,35.28136290895957
Test,21.75,23.103969303283364
Test,29.264305177111716,29.768364325709207
Test,13.620689655172415,13.8883163128309
Test,49.27,43.61810255834427
Test,50.8,40.9455646944452
Test,12.851485148514852,8.962255733872778
Test,32.796486090775986,33.10426939903296
Test,38.10344827586207,35.09221964024862
Test,24.633663366336634,23.647043082972445
Test,27.831715210355988,29.802645647244294
Test,13.5,19.87741006745174
Test,33.89458272327965,36.85252873295956
Test,20.62,19.929242752150575
Test,19.724025974025974,18.22539314438394
Test,16.54,15.933684340198353
Test,31.1864406779661,29.769319332876208
Test,31.867057673509287,28.905722953023858
Test,81.9,77.33073999999999
Test,25.229578144483323,29.209522806821127
Test,60.0,47.35926825987349
Test,15.7,16.952711979765436
Test,43.82,43.87446400156597
Test,20.128205128205128,21.018552751790754
Test,32.77,36.4636641770082
Test,8.56,10.342754333333371
Test,15.53,16.75499148148139
Test,13.29,16.833577062210047
Test,4.9,10.14464569093336
Test,40.76246334310851,29.251379163930686
Test,25.3694341927684,20.645862312095073
Test,14.6,12.785273322451323
Test,6.8,6.930396669823087
Test,29.0,28.67972474733778
Test,43.09798060978084,39.74297661676254
Test,35.1,42.071148269460245
Test,7.578947368421052,15.346817708335166
Test,12.232277526395173,21.45292971557938
Test,10.424710424710424,13.156219371429057
Test,42.09370424597365,37.89893715195964
Test,17.42745257853116,20.39007792719135
Test,76.5,74.48826541803807
Test,17.839805825242717,20.6692409721737
Test,6.8,10.983526345557664
Test,14.65,15.30026531050605
Test,54.1,65.0917360426453
Test,43.88471177944862,41.8536800867519
Test,46.47,40.64974011166391
Test,25.25,24.7524954871968
Test,23.867313915857604,28.99215071344451
Test,1.9313304721030042,2.860017785351105
Test,2.754237288135593,4.3017793777185895
Test,26.89,24.7897967831667
Test,15.8,17.90163874204032
Test,8.906882591093117,11.847438192466266
Test,38.52307692307693,34.39214377625047
Test,50.16949152542373,51.9776335875023
Test,14.44,20.300331166402138
Test,34.8,37.19549140620334
Test,28.480463096960925,28.377291734350088
Test,11.9,8.787251245908301
Test,3.0,6.949951385130282
Test,56.502546689303905,48.217096449430144
Test,1.3968957871396894,4.135505041044998
Test,13.3,15.333938960270642
Test,20.3,21.625891709233766
Test,36.0,37.22710719591156
Test,40.9,42.12650003607503
Test,11.36,11.240477390475432
Test,13.378176382660687,35.93627029389222
Test,40.27568922305764,38.569950899874094
Test,11.43,20.928550508223744
Test,71.89542483660131,56.1459301742088
Test,30.498533724340177,29.79242687920848
Test,6.397188049209139,16.037823932505766
Test,46.93,46.48766920618146
Test,45.3183520599251,40.389509017193994
Test,35.0,42.690400000000004
Test,47.40566037735849,44.445462824346414
Test,23.2,11.650864285112371
Test,67.0,59.330428918912496
Test,7.6,18.329849147208304
Test,23.131879714313918,8.907791844148681
Test,26.586102719033235,30.61433026079314
Test,41.3391557496361,36.21279848758678
Test,51.0,51.447187402634114
Test,50.6,35.68778543544116
Test,4.4491525423728815,3.242027727361815
Test,32.95739348370927,32.81594416123522
Test,32.6,27.440966532257672
Test,28.674698795180724,32.57074466506532
Test,5.966620305980529,7.584194982072864
Test,27.21,29.859382139376493
Test,21.40394088669951,28.306810302824417
Test,14.0,14.855018336762967
Test,31.0,30.881736581806056
Test,24.01,34.91340776280953
Test,25.219941348973606,25.994296894047256
Test,34.04255319148936,31.64084137270185
Test,44.79,53.20498423684995
Test,34.0,34.89840060146928
Test,33.37431693989071,18.146848043904868
Test,35.172348179254044,19.31737139099533
Test,2.24,4.974465832832838
Test,0.0,1.753285668411326
Test,21.514778325123153,28.16026103567205
Test,35.66,29.034288060981098
Test,10.3,9.11407537404848
Test,7.5,8.539636298116628
Test,54.03202328966521,34.14633551055546
Test,17.06,17.357371846798447
Test,31.0,35.57581676338289
Test,15.458937198067632,17.736001023548805
Test,57.74,60.92482812048297
Test,46.55290102389078,45.71297962209286
Test,63.4,68.71505957217076
Test,42.73869346733669,38.68350472300831
Test,15.03,15.993848648706118
Test,34.0,31.857823833120555
Test,9.0,11.97568917706286
Test,27.714701601164485,25.901499411785554
Test,36.456808199121525,38.12718289160452
Test,43.19,42.349526939393954
Test,0.0,0.5991261981925953
Test,33.6144578313253,28.155075240405637
Test,17.917622921220612,20.274716490312496
Test,50.6,42.92830807162823
Test,47.29678638941399,35.057531307248915
Test,19.610778443113773,20.943154060184526
Test,12.470588235294118,21.32357926877084
Test,30.916030534351144,59.09412116946384
Test,18.231046931407942,18.36950103101224
Test,14.07,14.377707083584191
Test,38.27067669172932,34.9837110683907
Test,35.96,31.504674570192414
Test,90.6,71.24548025964448
Test,12.301158301158301,7.356813024453064
Test,32.3,27.98440480281354
Test,5.99,10.499680427947743
Test,51.7,40.9455646944452
Test,38.0,29.047891414004447
Test,22.900000000000002,25.692475144580364
Test,26.257666039112348,29.04324656900668
Test,11.2,16.630011590099592
Test,24.479638009049772,25.892602362372926
Test,25.346534653465348,24.057048588132595
Test,36.896046852122986,36.427743361774255
Test,26.54,25.16793464816617
Test,34.650455927051674,32.869931881249684
Test,54.699999999999996,49.96838750385039
Test,0.7665042372391321,16.691279021189885
Test,34.33,33.030102704687174
Test,37.227722772277225,42.67830595678634
Test,16.0,16.48082818366964
Test,1.6,1.4414527647001694
Test,7.6,6.990510414973577
Test,29.956063268892795,30.56066077895691
Test,13.592233009708737,14.96462835771405
Test,43.7,46.799647481068384
Test,17.0,4.915152538820508
Test,33.69230769230769,36.05086942044219
Test,4.7,7.943507646570768
Test,2.9207232267037555,3.9758956530283522
Test,17.509727626459146,19.534442906164355
Test,22.656467315716274,15.098635922413383
Test,27.72,29.794306382139208
Test,40.0,37.349031532950356
Test,7.0,7.234106907993475
Test,22.586206896551726,20.634356820869
Test,16.65137614678899,16.895502700027638
Test,41.142857142857146,38.563352388099425
Test,25.5,42.85246222185401
Test,15.1,10.738534758089783
Test,20.738255033557046,25.91443166528112
Test,26.42,26.2834801117349
Test,92.01183431952663,90.08100280158395
Test,21.893712574850298,23.018394771608115
Test,1.0,5.0954465462390734
Test,41.39886578449906,35.34708818186192
Test,12.687125748502995,20.22478920084005
Test,3.9711191335740077,4.716035261629421
Test,18.77022653721683,24.75402196877633
Test,49.047619047619044,25.49576330408631
Test,29.014829140563098,51.38036951811663
Test,32.0,37.93575498616513
Test,28.347996089931577,31.010776254699252
Test,36.382827534729955,34.865439694577795
Test,7.775768535262206,11.689653044277675
Test,47.0,47.3966730979809
Test,25.7,31.28025830682271
Test,23.95209580838323,29.048756702701517
Test,16.47,18.31885999999999
Test,41.02238805970149,40.36988545558506
Test,34.934821124361164,27.981116666239885
Test,13.0,15.529630242961897
Test,18.733031674208146,18.645020311059273
Test,0.0,4.913781204831939
Test,42.28,41.84382940763101
Test,24.62396904343736,29.123234082783277
Test,15.510948905109489,13.671840178923533
Test,27.309859154929576,27.197461188227763
Test,28.82,19.381059668912624
Test,21.93006993006993,19.49951800251676
Test,13.0,16.934275890711366
Test,26.218809980806142,19.88487576462041
Test,36.22857142857143,31.724664066539564
Test,28.785900783289815,28.068884805358728
Test,74.5,73.25631337586731
Test,32.94,29.842304377714235
Test,12.574850299401197,12.930396040130924
Test,22.91,19.57800406066048
Test,25.196335078534034,21.176618390778415
Test,10.81,10.652792042684744
Test,38.0,23.99651915556632
Test,14.899999999999999,18.27378622104146
Test,13.52,14.559622930345144
Test,59.3732970027248,58.97674351493713
Test,15.000000000000002,18.503428776468784
Test,2.3605150214592276,2.538751742074078
Test,68.0,59.28841992485614
Test,1.01,18.21150750722418
Test,38.0,31.95153679500469
Test,12.9,14.037230321585868
Test,43.44,45.86756751025057
Test,24.871287128712872,26.591822585614906
Test,32.11180124223603,31.724757648711424
Test,33.2,31.54491845753446
Test,34.65264879452536,33.70642351897241
Test,0.0,7.034161722910975
Test,44.59,45.04556812444528
Test,19.65,19.784199999999945
Test,33.931445119198656,22.72514732246811
Test,6.2,7.662903502673841
